{
  "cameras" : [
    {
      "group" : "side camera",
      "distortion" : [
        -0.24391376369302178,
        0.03508300534453783
      ],
      "forward" : [
        0.9999999999999998,
        3.885780586188048E-16,
        -3.3306690738754696E-16
      ],
      "resolution" : [
        1280,
        720
      ],
      "focal" : [
        513.7327434214848,
        -513.7327434214848
      ],
      "type" : "RECTILINEAR",
      "version" : 1,
      "up" : [
        3.885780586188048E-16,
        3.3306690738754696E-16,
        0.9999999999999998
      ],
      "right" : [
        3.3306690738754696E-16,
        -0.9999999999999998,
        3.885780586188048E-16
      ],
      "origin" : [
        12,
        0,
        0
      ],
      "principal" : [
        700.3858101151486,
        419.1261855292092
      ],
      "id" : "cam1"
    },
    {
      "group" : "side camera",
      "distortion" : [
        -0.24391376369302178,
        0.03508300534453783
      ],
      "forward" : [
        0.6441241884520295,
        -0.7647472929616297,
        -0.01629747707082596
      ],
      "resolution" : [
        1280,
        720
      ],
      "focal" : [
        515.0992388316047,
        -515.0992388316047
      ],
      "type" : "RECTILINEAR",
      "version" : 1,
      "up" : [
        -0.022537979537758657,
        -0.040271304261371266,
        0.9989345631879216
      ],
      "right" : [
        -0.764588823701583,
        -0.643070602625363,
        -0.043175580015586024
      ],
      "origin" : [
        6,
        -10.392,
        0
      ],
      "principal" : [
        584.5304185358112,
        436.58854972374417
      ],
      "id" : "cam2"
    },
    {
      "group" : "side camera",
      "distortion" : [
        -0.24391376369302178,
        0.03508300534453783
      ],
      "forward" : [
        -0.557768727811867,
        -0.8280255271351755,
        -0.057164435514106104
      ],
      "resolution" : [
        1280,
        720
      ],
      "focal" : [
        509.0853584895443,
        -509.0853584895443
      ],
      "type" : "RECTILINEAR",
      "version" : 1,
      "up" : [
        -0.057025074503944395,
        -0.030479746831433063,
        0.9979073734124384
      ],
      "right" : [
        -0.8280351364241442,
        0.5598613323365051,
        -0.030217567761854913
      ],
      "origin" : [
        -6,
        -12.392,
        0
      ],
      "principal" : [
        693.3489632313149,
        440.5342083902045
      ],
      "id" : "cam3"
    },
    {
      "group" : "side camera",
      "distortion" : [
        -0.24391376369302178,
        0.03508300534453783
      ],
      "forward" : [
        -0.995100675918339,
        -0.07578662639133049,
        -0.06349040909527781
      ],
      "resolution" : [
        1280,
        720
      ],
      "focal" : [
        505.5779579587228,
        -505.5779579587228
      ],
      "type" : "RECTILINEAR",
      "version" : 1,
      "up" : [
        -0.06455064889586404,
        0.01162071549047805,
        0.9978467681455967
      ],
      "right" : [
        -0.07488563623277672,
        0.9970563405503774,
        -0.0164558577504183
      ],
      "origin" : [
        -12,
        0,
        0
      ],
      "principal" : [
        611.3772429746801,
        446.06520453549456
      ],
      "id" : "cam4"
    },
    {
      "group" : "side camera",
      "distortion" : [
        -0.24391376369302178,
        0.03508300534453783
      ],
      "forward" : [
        -0.651194310439821,
        0.7550407714598112,
        -0.07654674051962743
      ],
      "resolution" : [
        1280,
        720
      ],
      "focal" : [
        513.5247440959384,
        -513.5247440959384
      ],
      "type" : "RECTILINEAR",
      "version" : 1,
      "up" : [
        -0.06491126072079628,
        0.045080318136777785,
        0.9968722551803334
      ],
      "right" : [
        0.7561299480131988,
        0.6541262862399431,
        0.01965460168757216
      ],
      "origin" : [
        -6,
        12.392,
        0
      ],
      "principal" : [
        557.4300039547195,
        432.07991759817645
      ],
      "id" : "cam5"
    },
    {
      "group" : "side camera",
      "distortion" : [
        -0.24391376369302178,
        0.03508300534453783
      ],
      "forward" : [
        0.5939418101900473,
        0.8044454230863392,
        -0.010034310320636008
      ],
      "resolution" : [
        1280,
        720
      ],
      "focal" : [
        520.1676637121981,
        -520.1676637121981
      ],
      "type" : "RECTILINEAR",
      "version" : 1,
      "up" : [
        -0.03588291007329042,
        0.03894930449416387,
        0.9985966995960347
      ],
      "right" : [
        0.8037073739072215,
        -0.5927482711529928,
        0.05199946319238408
      ],
      "origin" : [
        6,
        10.392,
        0
      ],
      "principal" : [
        710.5268755274668,
        430.6262358856818
      ],
      "id" : "cam6"
    },
    {
      "fov" : 1.4,
      "distortion" : [
        0,
        0
      ],
      "forward" : [
        0,
        0,
        1
      ],
      "resolution" : [
        1280,
        720
      ],
      "focal" : [
        272,
        -272
      ],
      "type" : "FTHETA",
      "version" : 1,
      "up" : [
        0,
        1,
        0
      ],
      "right" : [
        -1,
        0,
        0
      ],
      "origin" : [
        0,
        0,
        4
      ],
      "principal" : [
        654,
        361
      ],
      "id" : "cam0"
    }
  ]
}